0;com.totaljerkface.game.HappyWheels
1;
2;
3;
4;
5;
6;
7;
8;
9;
10;
11;
12;
13;
14;WoodChipsMC
15;
16;
17;
18;
19;
20;
21;
22;
23;
24;
25;WaterMC
26;
27;
28;
29;
30;
31;
32;
33;
34;
35;
36;
37;
38;vanGlass
39;
40;
41;
42;
43;
44;
45;
46;
47;
48;TVShardsMC
49;
50;
51;
52;MuteButton
53;
54;
55;
56;
57;
58;
59;
60;
61;
62;
63;
64;
65;MouseClickMC
66;
67;
68;
69;
70;
71;
72;
73;
74;
75;
76;
77;
78;MetalPiecesMC
79;
80;
81;
82;
83;
84;
85;
86;VictoryMC
87;
88;
89;
90;
91;
92;com.totaljerkface.game.menus.SessionReplayMenu
93;
94;
95;
96;
97;com.totaljerkface.game.menus.VotingStars
98;
99;
100;
101;
102;com.totaljerkface.game.menus.SessionMenu
103;
104;
105;
106;game_fla.keybuttonLEFT_1207
107;
108;
109;game_fla.keybuttonSPACE_1208
110;
111;game_fla.keybuttonRIGHT_1209
112;
113;game_fla.keybuttonUP_1210
114;
115;game_fla.keybuttonDOWN_1211
116;
117;
118;
119;
120;
121;game_fla.keybuttonSHIFT_1212
122;
123;
124;
125;
126;game_fla.keybuttonCTRL_1213
127;
128;
129;
130;game_fla.keybuttonZ_1214
131;com.totaljerkface.game.KeyDisplay
132;
133;
134;
135;
136;
137;
138;
139;
140;
141;
142;GlassShardsMC
143;
144;
145;GlassBloodMC
146;
147;
148;FullScreenButton
149;
150;
151;
152;
153;
154;
155;
156;
157;
158;
159;
160;
161;
162;
163;
164;
165;
166;
167;
168;
169;
170;
171;
172;
173;
174;
175;
176;
177;
178;
179;
180;
181;
182;
183;
184;
185;
186;
187;
188;
189;
190;
191;
192;
193;
194;
195;Explosion2
196;
197;
198;
199;
200;
201;
202;
203;
204;
205;
206;
207;
208;
209;
210;
211;
212;
213;
214;
215;
216;
217;
218;
219;
220;
221;
222;
223;
224;
225;
226;
227;
228;
229;
230;
231;
232;
233;
234;
235;
236;
237;
238;
239;
240;
241;Explosion
242;
243;ChristmasBellMC
244;
245;
246;
247;CartShardsMC
248;
249;
250;
251;
252;
253;
254;
255;
256;
257;
258;
259;
260;
261;
262;
263;
264;
265;
266;
267;BottleShards5MCf
268;
269;
270;
271;
272;
273;
274;
275;
276;
277;
278;
279;
280;
281;
282;
283;
284;
285;
286;
287;BottleShards4MC
288;
289;
290;
291;
292;
293;
294;
295;
296;
297;
298;
299;
300;
301;
302;
303;
304;
305;
306;
307;BottleShards3MC
308;
309;
310;
311;
312;
313;
314;
315;
316;
317;BottleShards2MC
318;
319;
320;
321;
322;
323;
324;
325;
326;
327;
328;
329;
330;
331;
332;
333;BottleShards1MC
334;
335;
336;
337;
338;
339;
340;BoomboxShardsMC
341;
342;
343;
344;
345;
346;
347;
348;
349;
350;
351;bloodMC
352;
353;
354;BladeBloodMC
355;
356;PositionMark
357;
358;
359;
360;
361;
362;
363;
364;
365;
366;
367;exportedfonts
368;
369;com.totaljerkface.game.SoundLoader
370;
371;
372;
373;
374;
375;
376;
377;featuredBackButton
378;
379;
380;
381;customizeKeysButton
382;
383;
384;
385;
386;
387;
388;
389;
390;
391;
392;
393;
394;
395;
396;
397;
398;com.totaljerkface.game.menus.OptionsMenu
399;
400;
401;
402;
403;
404;
405;
406;
407;com.totaljerkface.game.menus.OptionsSlider
408;
409;MenuMask
410;
411;
412;
413;
414;
415;
416;
417;
418;
419;
420;
421;
422;
423;
424;
425;
426;
427;
428;
429;
430;com.totaljerkface.game.menus.OldMan
431;
432;
433;
434;
435;
436;
437;
438;
439;
440;
441;
442;
443;
444;
445;
446;
447;
448;
449;
450;
451;
452;
453;com.totaljerkface.game.menus.NewStar
454;com.totaljerkface.game.menus.AppLinkButton
455;com.totaljerkface.game.menus.MainMenu
456;
457;
458;
459;
460;
461;restoreDefaultsButton
462;com.totaljerkface.game.menus.CustomizeControlsMenu
463;
464;
465;
466;
467;
468;
469;
470;
471;
472;
473;
474;
475;
476;
477;com.totaljerkface.game.menus.CreditsMenu
478;
479;
480;
481;
482;
483;
484;
485;
486;
487;
488;
489;
490;
491;
492;
493;
494;
495;
496;com.totaljerkface.game.menus.ControlsMenu
497;
498;
499;
500;
501;
502;
503;
504;
505;
506;
507;
508;
509;
510;
511;
512;
513;
514;
515;
516;
517;
518;
519;
520;
521;
522;
523;
524;com.totaljerkface.game.menus.FatLady
525;
526;
527;
528;
529;
530;
531;
532;
533;
534;
535;
536;
537;
538;
539;
540;WatermelonParticlesMC
541;
542;
543;
544;
545;
546;
547;
548;
549;
550;
551;
552;
553;
554;
555;WatermelonMC
556;
557;
558;
559;
560;
561;
562;
563;
564;
565;PumpkinParticlesMC
566;
567;
568;
569;
570;
571;
572;
573;
574;
575;
576;
577;
578;PumpkinMC
579;
580;
581;
582;
583;
584;
585;
586;
587;PineappleParticlesMC
588;
589;
590;
591;
592;
593;
594;
595;
596;
597;
598;
599;
600;PineappleMC
601;FoodItemMC
602;com.totaljerkface.game.editor.specials.FoodItemRef
603;
604;
605;
606;
607;
608;
609;votestarslarge
610;
611;
612;
613;
614;
615;
616;
617;
618;
619;
620;
621;
622;
623;
624;
625;
626;
627;
628;featuredUlbButton
629;
630;
631;
632;
633;featuredplaybutton
634;
635;
636;
637;
638;featuredvrbutton
639;
640;com.totaljerkface.game.menus.FeaturedMenu
641;
642;
643;
644;
645;com.totaljerkface.game.menus.FeaturedLevelButton
646;
647;
648;
649;
650;
651;
652;
653;
654;
655;com.totaljerkface.game.editor.specials.WreckingBallRef
656;
657;
658;
659;
660;
661;WreckingBallMC
662;
663;
664;
665;
666;
667;
668;
669;
670;
671;
672;
673;
674;
675;
676;
677;
678;
679;
680;VanBodyMC
681;
682;
683;
684;
685;
686;com.totaljerkface.game.editor.ui.Window
687;
688;
689;game_fla.toolbuttonbg_989
690;
691;
692;triButton
693;
694;com.totaljerkface.game.editor.ToolWindow
695;
696;
697;triggerButton
698;
699;
700;rectButton
701;
702;
703;arrowButton
704;
705;
706;pinButton
707;
708;
709;specialButton
710;
711;
712;textButton
713;
714;
715;polygonButton
716;
717;
718;artButton
719;com.totaljerkface.game.editor.ToolBar
720;
721;
722;com.totaljerkface.game.editor.ui.TextInput
723;
724;
725;
726;
727;com.totaljerkface.game.editor.ui.SliderInput
728;
729;com.totaljerkface.game.editor.SelectBoxSprite
730;
731;
732;
733;ScrollUpSprite
734;
735;
736;
737;
738;
739;
740;
741;
742;
743;
744;com.totaljerkface.game.editor.SaveMenu
745;
746;
747;saveButton
748;com.totaljerkface.game.editor.RectangleTool
749;
750;
751;com.totaljerkface.game.editor.PrisJoint
752;
753;PinJointCursor
754;
755;com.totaljerkface.game.editor.PinJoint
756;
757;
758;
759;
760;game_fla.labelbuttoninner_995
761;
762;ButtonClose
763;NoticeSprite
764;
765;
766;game_fla.menuiteminner_1032
767;
768;com.totaljerkface.game.editor.ui.MenuItem
769;
770;
771;
772;
773;com.totaljerkface.game.editor.TopMenu
774;
775;
776;
777;
778;
779;
780;
781;
782;
783;com.totaljerkface.game.editor.LoadMenu
784;
785;ListPlayButton
786;
787;com.totaljerkface.game.editor.LevelOptionsMenu
788;
789;com.totaljerkface.game.editor.ui.LabelButton
790;
791;
792;
793;
794;InputSprite
795;
796;HandCursor
797;
798;
799;
800;DropperCursor
801;
802;
803;
804;
805;DropperButton
806;
807;
808;
809;
810;
811;com.totaljerkface.game.menus.CustomizeKeyInput
812;
813;
814;com.totaljerkface.game.editor.ui.ColorInput
815;
816;
817;circleButton
818;
819;
820;
821;
822;com.totaljerkface.game.editor.ui.CheckBox
823;
824;
825;
826;com.totaljerkface.game.editor.CanvasVerticalScroller
827;
828;
829;com.totaljerkface.game.editor.CanvasHorizontalScroller
830;
831;ButtonYes
832;
833;ButtonNo
834;
835;com.totaljerkface.game.editor.ArrowTool
836;
837;com.totaljerkface.game.editor.specials.TVRef
838;
839;TVPiece3MC
840;
841;TVPiece2MC
842;
843;TVPiece1MC
844;
845;
846;
847;
848;TVMC
849;
850;
851;
852;RectTrashItem6
853;com.totaljerkface.game.editor.specials.TrashCanRef
854;
855;
856;
857;
858;
859;
860;TrashCanMC
861;
862;
863;RectTrashItem5
864;
865;
866;RectTrashItem4
867;
868;
869;RectTrashItem3
870;
871;RectTrashItem2
872;
873;RectTrashItem1
874;
875;
876;RectTrashItem0
877;
878;CircleTrashItem2
879;
880;
881;
882;CircleTrashItem1
883;
884;
885;CircleTrashItem0
886;
887;
888;
889;
890;
891;
892;
893;
894;
895;
896;
897;
898;
899;
900;
901;
902;
903;
904;
905;
906;
907;
908;
909;
910;
911;CoinMC
912;com.totaljerkface.game.editor.specials.TokenRef
913;
914;TokenIcon
915;
916;
917;
918;
919;
920;com.totaljerkface.game.editor.specials.ToiletRef
921;
922;
923;
924;
925;
926;ToiletParticlesMC
927;ToiletMC
928;
929;ToiletBasePiece2MC
930;
931;ToiletBasePiece1MC
932;
933;ToiletBackPiece2MC
934;
935;ToiletBackPiece1MC
936;
937;
938;
939;
940;TableMC
941;com.totaljerkface.game.editor.specials.TableRef
942;
943;TableTop2MC
944;
945;TableTop1MC
946;
947;TableLegMC
948;
949;
950;
951;
952;
953;
954;
955;
956;
957;
958;
959;
960;
961;
962;
963;
964;
965;
966;
967;
968;
969;
970;
971;
972;
973;
974;
975;
976;
977;
978;
979;
980;
981;
982;
983;
984;
985;
986;
987;
988;
989;
990;
991;com.totaljerkface.game.editor.specials.StartPlaceHolder
992;
993;
994;
995;
996;
997;
998;
999;
1000;
1001;
1002;com.totaljerkface.game.editor.specials.SpringBoxRef
1003;
1004;
1005;
1006;
1007;
1008;
1009;SpringBoxMC
1010;
1011;Spike
1012;
1013;
1014;
1015;com.totaljerkface.game.editor.specials.SpikesRef
1016;SpikesMC
1017;
1018;
1019;
1020;
1021;
1022;SpikeBlood
1023;
1024;VanTireMC
1025;com.totaljerkface.game.editor.specials.VanRef
1026;SpecialShape
1027;SpecialCursor
1028;
1029;
1030;
1031;
1032;
1033;
1034;
1035;SparksMC
1036;
1037;SoccerBallMC
1038;com.totaljerkface.game.editor.specials.SoccerBallRef
1039;
1040;
1041;
1042;
1043;
1044;
1045;
1046;
1047;
1048;
1049;
1050;
1051;
1052;
1053;
1054;
1055;
1056;
1057;SignMC
1058;com.totaljerkface.game.editor.specials.SignPostRef
1059;
1060;PostMC
1061;
1062;RailMC
1063;com.totaljerkface.game.editor.specials.RailRef
1064;
1065;
1066;
1067;PaddleBaseMC
1068;
1069;
1070;
1071;
1072;
1073;
1074;
1075;
1076;
1077;PaddleMC
1078;com.totaljerkface.game.editor.specials.PaddleRef
1079;
1080;
1081;
1082;
1083;
1084;
1085;game_fla.upperarm2_847
1086;
1087;
1088;
1089;game_fla.hand2_850
1090;
1091;game_fla.lowerarm2_849
1092;
1093;
1094;
1095;
1096;
1097;
1098;game_fla.upperleg2_852
1099;
1100;
1101;
1102;
1103;
1104;game_fla.lowerleg2_854
1105;
1106;
1107;
1108;
1109;
1110;
1111;
1112;
1113;
1114;
1115;
1116;
1117;
1118;
1119;
1120;
1121;
1122;
1123;game_fla.head_856
1124;
1125;
1126;
1127;
1128;
1129;
1130;
1131;
1132;
1133;
1134;
1135;
1136;game_fla.pelvis_862
1137;
1138;
1139;
1140;
1141;
1142;
1143;
1144;
1145;
1146;
1147;
1148;
1149;
1150;
1151;
1152;
1153;
1154;
1155;
1156;
1157;
1158;
1159;
1160;
1161;
1162;
1163;
1164;
1165;
1166;
1167;
1168;
1169;
1170;game_fla.chest_867
1171;
1172;
1173;
1174;
1175;game_fla.upperleg1_875
1176;
1177;
1178;
1179;
1180;game_fla.lowerleg1_877
1181;
1182;
1183;
1184;
1185;
1186;
1187;game_fla.upperarm1_879
1188;
1189;
1190;
1191;game_fla.hand1_882
1192;
1193;game_fla.lowerarm1_881
1194;
1195;
1196;com.totaljerkface.game.editor.specials.npcsprites.NPCSprite16
1197;
1198;
1199;
1200;
1201;game_fla.upperarm2_810
1202;
1203;
1204;game_fla.lowerarm2_812
1205;
1206;
1207;
1208;
1209;
1210;
1211;game_fla.upperleg2_814
1212;
1213;
1214;game_fla.lowerleg2_816
1215;
1216;
1217;
1218;
1219;
1220;
1221;
1222;
1223;
1224;
1225;
1226;
1227;
1228;
1229;
1230;
1231;game_fla.head_818
1232;
1233;
1234;
1235;
1236;
1237;
1238;
1239;
1240;
1241;
1242;
1243;
1244;
1245;
1246;
1247;game_fla.chest_825
1248;
1249;
1250;
1251;
1252;
1253;
1254;
1255;
1256;
1257;
1258;game_fla.pelvis_832
1259;
1260;
1261;
1262;
1263;game_fla.upperleg1_838
1264;
1265;
1266;game_fla.lowerleg1_840
1267;
1268;
1269;
1270;
1271;
1272;
1273;game_fla.upperarm1_842
1274;
1275;
1276;game_fla.lowerarm1_844
1277;
1278;
1279;com.totaljerkface.game.editor.specials.npcsprites.NPCSprite15
1280;
1281;
1282;
1283;
1284;game_fla.upperarm2_773
1285;
1286;
1287;game_fla.lowerarm2_775
1288;
1289;
1290;
1291;
1292;
1293;
1294;game_fla.upperleg2_777
1295;
1296;
1297;
1298;game_fla.lowerleg2_779
1299;
1300;
1301;
1302;
1303;
1304;
1305;
1306;
1307;
1308;
1309;
1310;
1311;
1312;
1313;
1314;
1315;game_fla.head_781
1316;
1317;
1318;
1319;
1320;
1321;
1322;
1323;
1324;
1325;
1326;
1327;
1328;
1329;
1330;
1331;game_fla.chest_788
1332;
1333;
1334;
1335;
1336;
1337;
1338;
1339;
1340;
1341;
1342;game_fla.pelvis_795
1343;
1344;
1345;
1346;
1347;game_fla.upperleg1_801
1348;
1349;
1350;game_fla.lowerleg1_803
1351;
1352;
1353;
1354;
1355;
1356;
1357;game_fla.upperarm1_805
1358;
1359;
1360;game_fla.lowerarm1_807
1361;
1362;
1363;com.totaljerkface.game.editor.specials.npcsprites.NPCSprite14
1364;
1365;
1366;
1367;
1368;game_fla.upperarm2_735
1369;
1370;
1371;game_fla.hand2_738
1372;
1373;
1374;game_fla.lowerarm2_737
1375;
1376;
1377;
1378;
1379;
1380;
1381;game_fla.upperleg2_740
1382;
1383;
1384;
1385;
1386;game_fla.lowerleg2_742
1387;
1388;
1389;
1390;
1391;
1392;
1393;
1394;
1395;
1396;
1397;
1398;
1399;
1400;
1401;
1402;game_fla.head_744
1403;
1404;
1405;
1406;
1407;
1408;
1409;
1410;
1411;
1412;
1413;
1414;
1415;
1416;
1417;
1418;game_fla.chest_750
1419;
1420;
1421;
1422;
1423;
1424;
1425;
1426;
1427;
1428;
1429;game_fla.pelvis_757
1430;
1431;
1432;
1433;
1434;game_fla.upperleg1_763
1435;
1436;
1437;
1438;
1439;game_fla.lowerleg1_765
1440;
1441;
1442;
1443;
1444;
1445;
1446;game_fla.upperarm1_767
1447;
1448;
1449;game_fla.hand1_770
1450;
1451;
1452;game_fla.lowerarm1_769
1453;
1454;
1455;com.totaljerkface.game.editor.specials.npcsprites.NPCSprite13
1456;
1457;
1458;
1459;
1460;game_fla.upperarm2_694
1461;
1462;
1463;
1464;game_fla.hand2_336
1465;
1466;game_fla.lowerarm2_696
1467;
1468;
1469;
1470;
1471;
1472;
1473;game_fla.upperleg2_698
1474;
1475;
1476;
1477;
1478;
1479;game_fla.lowerleg2_700
1480;
1481;
1482;
1483;
1484;
1485;
1486;
1487;
1488;
1489;
1490;
1491;
1492;
1493;
1494;
1495;
1496;
1497;game_fla.head_702
1498;
1499;
1500;
1501;
1502;
1503;
1504;
1505;
1506;
1507;
1508;
1509;
1510;
1511;
1512;
1513;
1514;
1515;game_fla.chest_709
1516;
1517;
1518;
1519;
1520;
1521;
1522;
1523;
1524;
1525;
1526;
1527;
1528;game_fla.pelvis_718
1529;
1530;
1531;
1532;
1533;game_fla.upperleg1_726
1534;
1535;
1536;
1537;
1538;
1539;game_fla.lowerleg1_728
1540;
1541;
1542;
1543;
1544;
1545;
1546;game_fla.upperarm1_730
1547;
1548;
1549;game_fla.hand_373
1550;
1551;
1552;game_fla.lowerarm1_732
1553;
1554;
1555;com.totaljerkface.game.editor.specials.npcsprites.NPCSprite12
1556;
1557;
1558;
1559;
1560;game_fla.upperarm2_658
1561;
1562;
1563;game_fla.lowerarm2_660
1564;
1565;
1566;
1567;
1568;
1569;
1570;game_fla.upperleg2_662
1571;
1572;
1573;
1574;
1575;game_fla.lowerleg2_664
1576;
1577;
1578;
1579;
1580;
1581;
1582;
1583;
1584;
1585;
1586;
1587;
1588;
1589;
1590;
1591;game_fla.head_666
1592;
1593;
1594;
1595;
1596;
1597;
1598;
1599;
1600;
1601;
1602;
1603;
1604;game_fla.pelvis_672
1605;
1606;
1607;
1608;
1609;game_fla.upperleg1_678
1610;
1611;
1612;
1613;
1614;game_fla.lowerleg1_680
1615;
1616;
1617;
1618;
1619;
1620;
1621;
1622;
1623;
1624;
1625;
1626;
1627;
1628;
1629;
1630;
1631;game_fla.chest_681
1632;
1633;
1634;
1635;
1636;game_fla.upperarm1_689
1637;
1638;
1639;game_fla.lowerarm1_691
1640;
1641;
1642;com.totaljerkface.game.editor.specials.npcsprites.NPCSprite11
1643;
1644;
1645;
1646;
1647;game_fla.upperarm2_619
1648;
1649;
1650;game_fla.hand2_622
1651;
1652;
1653;game_fla.lowerarm2_621
1654;
1655;
1656;
1657;
1658;
1659;
1660;game_fla.upperleg2_624
1661;
1662;
1663;
1664;
1665;game_fla.lowerleg2_626
1666;
1667;
1668;
1669;
1670;
1671;
1672;
1673;
1674;
1675;
1676;
1677;
1678;
1679;
1680;game_fla.head_628
1681;
1682;
1683;
1684;
1685;
1686;
1687;
1688;
1689;
1690;
1691;
1692;
1693;game_fla.pelvis_634
1694;
1695;
1696;
1697;
1698;game_fla.upperleg1_640
1699;
1700;
1701;
1702;
1703;game_fla.lowerleg1_642
1704;
1705;
1706;
1707;
1708;
1709;
1710;
1711;
1712;
1713;
1714;
1715;
1716;
1717;
1718;
1719;
1720;
1721;
1722;game_fla.chest_643
1723;
1724;
1725;
1726;
1727;game_fla.upperarm1_652
1728;
1729;
1730;game_fla.hand1_655
1731;
1732;
1733;game_fla.lowerarm1_654
1734;
1735;
1736;com.totaljerkface.game.editor.specials.npcsprites.NPCSprite10
1737;
1738;
1739;
1740;
1741;game_fla.upperarm2_575
1742;
1743;game_fla.hand2_578
1744;
1745;
1746;game_fla.lowerarm2_577
1747;
1748;
1749;
1750;
1751;
1752;
1753;game_fla.upperleg2_580
1754;
1755;
1756;
1757;
1758;
1759;game_fla.lowerleg2_582
1760;
1761;
1762;
1763;
1764;
1765;
1766;
1767;
1768;
1769;
1770;
1771;
1772;
1773;
1774;
1775;
1776;game_fla.head_584
1777;
1778;
1779;
1780;
1781;
1782;
1783;
1784;
1785;
1786;
1787;
1788;
1789;
1790;game_fla.pelvis_591
1791;
1792;
1793;
1794;
1795;
1796;
1797;game_fla.upperleg1_599
1798;
1799;
1800;
1801;
1802;
1803;game_fla.lowerleg1_602
1804;
1805;
1806;
1807;
1808;
1809;
1810;
1811;
1812;
1813;
1814;
1815;
1816;
1817;
1818;
1819;
1820;
1821;
1822;
1823;game_fla.chest_603
1824;
1825;
1826;
1827;
1828;game_fla.upperarm1_613
1829;
1830;game_fla.hand_616
1831;
1832;
1833;game_fla.lowerarm1_615
1834;
1835;
1836;com.totaljerkface.game.editor.specials.npcsprites.NPCSprite9
1837;
1838;
1839;
1840;
1841;game_fla.upperarm2_537
1842;
1843;
1844;
1845;game_fla.hand2_540
1846;
1847;game_fla.lowerarm2_539
1848;
1849;
1850;
1851;
1852;
1853;
1854;game_fla.upperleg2_542
1855;
1856;
1857;
1858;
1859;
1860;game_fla.lowerleg2_544
1861;
1862;
1863;
1864;
1865;
1866;
1867;
1868;
1869;
1870;
1871;
1872;
1873;
1874;
1875;game_fla.head_546
1876;
1877;
1878;
1879;
1880;
1881;
1882;
1883;
1884;
1885;
1886;
1887;
1888;game_fla.pelvis_552
1889;
1890;
1891;
1892;
1893;
1894;
1895;
1896;
1897;
1898;
1899;
1900;
1901;
1902;
1903;game_fla.chest_557
1904;
1905;
1906;
1907;
1908;game_fla.upperleg1_565
1909;
1910;
1911;
1912;
1913;
1914;game_fla.lowerleg1_567
1915;
1916;
1917;
1918;
1919;
1920;
1921;game_fla.upperarm1_569
1922;
1923;
1924;
1925;game_fla.hand1_572
1926;
1927;game_fla.lowerarm1_571
1928;
1929;
1930;com.totaljerkface.game.editor.specials.npcsprites.NPCSprite8
1931;
1932;
1933;
1934;
1935;game_fla.upperarm2_499
1936;
1937;game_fla.hand2_502
1938;
1939;
1940;game_fla.lowerarm2_501
1941;
1942;
1943;
1944;
1945;
1946;
1947;game_fla.upperleg2_504
1948;
1949;
1950;
1951;
1952;game_fla.lowerleg2_506
1953;
1954;
1955;
1956;
1957;
1958;
1959;
1960;
1961;
1962;
1963;
1964;
1965;
1966;
1967;
1968;game_fla.head_508
1969;
1970;
1971;
1972;
1973;
1974;
1975;
1976;
1977;
1978;
1979;
1980;game_fla.pelvis_514
1981;
1982;
1983;
1984;
1985;game_fla.upperleg1_520
1986;
1987;
1988;
1989;
1990;game_fla.lowerleg1_522
1991;
1992;
1993;
1994;
1995;
1996;
1997;
1998;
1999;
2000;
2001;
2002;
2003;
2004;
2005;
2006;game_fla.chest_523
2007;
2008;
2009;
2010;
2011;game_fla.upperarm1_531
2012;
2013;game_fla.hand1_534
2014;
2015;
2016;game_fla.lowerarm1_533
2017;
2018;
2019;com.totaljerkface.game.editor.specials.npcsprites.NPCSprite7
2020;
2021;
2022;
2023;
2024;game_fla.upperarm2_455
2025;
2026;game_fla.hand2_458
2027;
2028;
2029;game_fla.lowerarm2_457
2030;
2031;
2032;
2033;
2034;
2035;
2036;game_fla.upperleg2_460
2037;
2038;
2039;
2040;
2041;
2042;
2043;game_fla.lowerleg2_462
2044;
2045;
2046;
2047;
2048;
2049;
2050;
2051;
2052;
2053;
2054;
2055;
2056;
2057;
2058;
2059;
2060;game_fla.head_465
2061;
2062;
2063;
2064;
2065;
2066;
2067;
2068;
2069;
2070;
2071;
2072;
2073;
2074;
2075;
2076;
2077;
2078;game_fla.chest_472
2079;
2080;
2081;
2082;
2083;
2084;
2085;
2086;
2087;
2088;
2089;
2090;
2091;game_fla.pelvis_481
2092;
2093;
2094;
2095;
2096;game_fla.upperleg1_489
2097;
2098;
2099;
2100;
2101;game_fla.lowerleg1_491
2102;
2103;
2104;
2105;
2106;
2107;
2108;game_fla.upperarm1_493
2109;
2110;game_fla.hand1_496
2111;
2112;
2113;game_fla.lowerarm1_495
2114;
2115;
2116;com.totaljerkface.game.editor.specials.npcsprites.NPCSprite6
2117;
2118;
2119;
2120;
2121;game_fla.upperarm2_417
2122;
2123;
2124;
2125;game_fla.fwhand2_420
2126;
2127;game_fla.lowerarm2_419
2128;
2129;
2130;
2131;
2132;
2133;
2134;game_fla.upperleg2_422
2135;
2136;
2137;
2138;
2139;
2140;game_fla.lowerleg2_424
2141;
2142;
2143;
2144;
2145;
2146;
2147;
2148;
2149;
2150;
2151;
2152;
2153;
2154;
2155;game_fla.head_426
2156;
2157;
2158;
2159;
2160;
2161;
2162;
2163;
2164;
2165;
2166;
2167;game_fla.pelvis_432
2168;
2169;
2170;
2171;
2172;
2173;
2174;
2175;
2176;
2177;
2178;
2179;
2180;
2181;
2182;game_fla.chest_437
2183;
2184;
2185;
2186;
2187;game_fla.upperleg1_445
2188;
2189;
2190;
2191;
2192;
2193;game_fla.lowerleg1_447
2194;
2195;
2196;
2197;
2198;
2199;
2200;game_fla.upperarm1_449
2201;
2202;
2203;
2204;game_fla.fwhand_452
2205;
2206;game_fla.lowerarm1_451
2207;
2208;
2209;com.totaljerkface.game.editor.specials.npcsprites.NPCSprite5
2210;
2211;
2212;
2213;
2214;game_fla.upperarm2_376
2215;
2216;
2217;game_fla.lowerarm2_378
2218;
2219;
2220;
2221;
2222;
2223;
2224;game_fla.upperleg2_380
2225;
2226;
2227;
2228;game_fla.lowerleg2_382
2229;
2230;
2231;
2232;
2233;
2234;
2235;
2236;
2237;
2238;
2239;
2240;
2241;
2242;
2243;
2244;game_fla.head_384
2245;
2246;
2247;
2248;
2249;
2250;
2251;
2252;
2253;
2254;
2255;
2256;
2257;
2258;
2259;
2260;
2261;
2262;game_fla.chest_391
2263;
2264;
2265;
2266;
2267;
2268;
2269;
2270;
2271;
2272;
2273;
2274;
2275;game_fla.pelvis_400
2276;
2277;
2278;
2279;
2280;game_fla.upperleg1_408
2281;
2282;
2283;game_fla.lowerleg1_410
2284;
2285;
2286;
2287;
2288;
2289;
2290;game_fla.upperarm1_412
2291;
2292;
2293;game_fla.lowerarm1_414
2294;
2295;
2296;com.totaljerkface.game.editor.specials.npcsprites.NPCSprite4
2297;
2298;
2299;
2300;
2301;game_fla.upperarm2_333
2302;
2303;
2304;game_fla.lowerarm2_335
2305;
2306;
2307;
2308;
2309;
2310;
2311;game_fla.upperleg2_338
2312;
2313;
2314;
2315;
2316;
2317;game_fla.lowerleg2_340
2318;
2319;
2320;
2321;
2322;
2323;
2324;
2325;
2326;
2327;
2328;
2329;
2330;
2331;
2332;
2333;
2334;game_fla.head_342
2335;
2336;
2337;
2338;
2339;
2340;
2341;
2342;
2343;
2344;
2345;
2346;
2347;
2348;
2349;
2350;
2351;
2352;game_fla.chest_349
2353;
2354;
2355;
2356;
2357;
2358;
2359;
2360;
2361;
2362;
2363;
2364;
2365;game_fla.pelvis_358
2366;
2367;
2368;
2369;
2370;game_fla.upperleg1_366
2371;
2372;
2373;
2374;
2375;game_fla.lowerleg1_368
2376;
2377;
2378;
2379;
2380;
2381;
2382;game_fla.upperarm1_370
2383;
2384;
2385;game_fla.lowerarm1_372
2386;
2387;
2388;com.totaljerkface.game.editor.specials.npcsprites.NPCSprite3
2389;
2390;
2391;
2392;
2393;game_fla.upperarm2_290
2394;
2395;
2396;game_fla.hand2_293
2397;
2398;game_fla.lowerarm2_292
2399;
2400;
2401;
2402;
2403;
2404;
2405;game_fla.upperleg2_295
2406;
2407;
2408;
2409;
2410;
2411;game_fla.lowerleg2_297
2412;
2413;
2414;
2415;
2416;
2417;
2418;
2419;
2420;
2421;
2422;
2423;
2424;
2425;
2426;game_fla.head_299
2427;
2428;
2429;
2430;
2431;
2432;
2433;
2434;
2435;
2436;
2437;
2438;
2439;
2440;game_fla.pelvis_306
2441;
2442;
2443;
2444;
2445;game_fla.upperleg1_314
2446;
2447;
2448;
2449;
2450;
2451;game_fla.lowerleg1_316
2452;
2453;
2454;
2455;
2456;
2457;
2458;
2459;
2460;
2461;
2462;
2463;
2464;
2465;
2466;
2467;
2468;
2469;
2470;game_fla.chest_317
2471;
2472;
2473;
2474;
2475;game_fla.upperarm1_327
2476;
2477;
2478;game_fla.hand_330
2479;
2480;game_fla.lowerarm1_329
2481;
2482;
2483;com.totaljerkface.game.editor.specials.npcsprites.NPCSprite2
2484;
2485;
2486;
2487;
2488;game_fla.upperarm2_237
2489;
2490;game_fla.hand2_241
2491;
2492;
2493;game_fla.lowerarm2_240
2494;
2495;
2496;
2497;
2498;
2499;
2500;game_fla.upperleg2_243
2501;
2502;
2503;
2504;
2505;
2506;game_fla.lowerleg2_245
2507;
2508;
2509;
2510;
2511;
2512;
2513;
2514;
2515;
2516;
2517;
2518;
2519;
2520;
2521;
2522;
2523;game_fla.head_247
2524;
2525;
2526;
2527;
2528;
2529;
2530;
2531;
2532;
2533;
2534;
2535;
2536;
2537;
2538;
2539;
2540;
2541;game_fla.chest_256
2542;
2543;
2544;
2545;
2546;
2547;
2548;
2549;
2550;
2551;
2552;
2553;
2554;game_fla.pelvis_272
2555;
2556;
2557;
2558;
2559;game_fla.upperleg1_280
2560;
2561;
2562;
2563;
2564;
2565;game_fla.lowerleg1_282
2566;
2567;
2568;
2569;
2570;
2571;
2572;game_fla.upperarm1_284
2573;
2574;
2575;game_fla.hand1_287
2576;
2577;game_fla.lowerarm1_286
2578;
2579;
2580;com.totaljerkface.game.editor.specials.npcsprites.NPCSprite1
2581;
2582;
2583;
2584;com.totaljerkface.game.editor.specials.MineRef
2585;MineMC
2586;
2587;MeteorMC
2588;com.totaljerkface.game.editor.specials.MeteorRef
2589;
2590;LogMC
2591;com.totaljerkface.game.editor.specials.LogRef
2592;
2593;LogHalf2
2594;
2595;LogHalf1
2596;
2597;
2598;com.totaljerkface.game.editor.specials.JetRef
2599;
2600;
2601;
2602;
2603;
2604;
2605;JetMC
2606;
2607;
2608;inputMC
2609;
2610;IBeamMC
2611;com.totaljerkface.game.editor.specials.IBeamRef
2612;
2613;com.totaljerkface.game.editor.specials.HomingMineRef
2614;
2615;
2616;
2617;
2618;
2619;
2620;
2621;game_fla.homingminelight_215
2622;HomingMineMC
2623;
2624;
2625;HarpoonMC
2626;
2627;
2628;
2629;
2630;
2631;game_fla.harpoongunlight_211
2632;
2633;
2634;com.totaljerkface.game.editor.specials.HarpoonGunRef
2635;
2636;HarpoonGunMC
2637;
2638;
2639;
2640;
2641;
2642;HarpoonBloodMC
2643;
2644;
2645;
2646;
2647;com.totaljerkface.game.editor.specials.FinishLineRef
2648;
2649;
2650;
2651;
2652;
2653;
2654;
2655;
2656;
2657;
2658;
2659;
2660;
2661;
2662;
2663;
2664;
2665;
2666;FinishLineMC
2667;
2668;
2669;
2670;
2671;
2672;
2673;
2674;com.totaljerkface.game.editor.specials.FanRef
2675;
2676;
2677;
2678;
2679;
2680;
2681;
2682;
2683;
2684;
2685;
2686;FanMC
2687;
2688;ChairTopMC
2689;
2690;
2691;
2692;ChairBackMC
2693;
2694;com.totaljerkface.game.editor.specials.ChairRef
2695;
2696;ChairMC
2697;
2698;ChairLegMC
2699;
2700;
2701;
2702;
2703;link1MC
2704;
2705;
2706;
2707;
2708;link0MC
2709;
2710;
2711;
2712;game_fla.building2window1shadow_170
2713;
2714;
2715;
2716;
2717;game_fla.building2window2shadow2_172
2718;
2719;
2720;
2721;
2722;
2723;
2724;
2725;
2726;
2727;game_fla.building2window5shadow_177
2728;
2729;
2730;
2731;
2732;
2733;
2734;
2735;
2736;
2737;
2738;
2739;
2740;
2741;
2742;
2743;
2744;
2745;
2746;
2747;
2748;
2749;
2750;
2751;
2752;
2753;
2754;
2755;Building2Source
2756;
2757;
2758;
2759;
2760;
2761;
2762;
2763;
2764;
2765;
2766;
2767;game_fla.brick_154
2768;game_fla.bricktexture_153
2769;
2770;
2771;
2772;
2773;
2774;
2775;
2776;
2777;
2778;game_fla.window1bg_160
2779;
2780;
2781;
2782;
2783;
2784;
2785;
2786;
2787;
2788;
2789;
2790;game_fla.window1_159
2791;
2792;
2793;Building1Source
2794;
2795;
2796;
2797;
2798;
2799;BottleMC
2800;com.totaljerkface.game.editor.specials.BottleRef
2801;
2802;
2803;BoostPanelFlat
2804;
2805;com.totaljerkface.game.editor.specials.BoostRef
2806;
2807;
2808;BoostPanelOffMC
2809;
2810;
2811;
2812;
2813;BoostPanelMC
2814;
2815;com.totaljerkface.game.editor.specials.BoomboxRef
2816;
2817;BoomboxPiece2MC
2818;
2819;BoomboxPiece1MC
2820;
2821;
2822;
2823;BoomboxMC
2824;
2825;
2826;
2827;
2828;
2829;
2830;
2831;
2832;
2833;
2834;
2835;
2836;com.totaljerkface.game.particles.ArrowPiece
2837;
2838;
2839;
2840;
2841;
2842;
2843;ArrowMC
2844;
2845;
2846;
2847;
2848;
2849;game_fla.arrowgunturret_135
2850;
2851;com.totaljerkface.game.editor.specials.ArrowGunRef
2852;
2853;ArrowGunMC
2854;
2855;HueSliderTab
2856;
2857;ColorSpectrumRing
2858;
2859;
2860;
2861;
2862;
2863;
2864;
2865;
2866;com.totaljerkface.game.menus.CharacterMenu
2867;
2868;
2869;
2870;
2871;
2872;
2873;
2874;
2875;
2876;
2877;
2878;
2879;
2880;
2881;
2882;
2883;
2884;
2885;
2886;
2887;
2888;MuzzleFlare
2889;CannonShapesRefMC
2890;
2891;
2892;CannonMuzzleMC
2893;
2894;
2895;
2896;
2897;
2898;
2899;
2900;
2901;
2902;
2903;
2904;
2905;
2906;
2907;
2908;CannonBaseMC
2909;com.totaljerkface.game.editor.specials.CannonRef
2910;
2911;
2912;com.totaljerkface.game.editor.ui.XButton
2913;
2914;
2915;
2916;votestarspink
2917;
2918;votestarsblue
2919;
2920;
2921;
2922;com.totaljerkface.game.menus.SearchLevelMenu
2923;
2924;
2925;com.totaljerkface.game.menus.SaveReplayMenu
2926;
2927;
2928;
2929;
2930;com.totaljerkface.game.menus.VoteStars
2931;
2932;
2933;
2934;
2935;
2936;
2937;
2938;game_fla.mc_106
2939;
2940;
2941;
2942;
2943;
2944;
2945;
2946;
2947;
2948;
2949;
2950;
2951;
2952;com.totaljerkface.game.menus.ReplayListItem
2953;
2954;
2955;
2956;
2957;replayselectionviewbutton
2958;
2959;
2960;
2961;
2962;
2963;
2964;
2965;
2966;
2967;
2968;
2969;
2970;
2971;com.totaljerkface.game.menus.ReplaySelection
2972;
2973;
2974;
2975;
2976;
2977;
2978;
2979;
2980;
2981;
2982;
2983;
2984;com.totaljerkface.game.menus.ReplayBrowser
2985;
2986;RefreshShape
2987;
2988;
2989;
2990;com.totaljerkface.game.menus.PageFlipperNew
2991;
2992;com.totaljerkface.game.menus.PageFlipper
2993;
2994;
2995;
2996;com.totaljerkface.game.menus.LoadLevelMenu
2997;
2998;
2999;
3000;
3001;levelselectionplaybutton
3002;
3003;
3004;
3005;
3006;
3007;
3008;
3009;
3010;
3011;
3012;com.totaljerkface.game.menus.LevelSelection
3013;
3014;
3015;
3016;
3017;
3018;
3019;com.totaljerkface.game.menus.LevelListItem
3020;
3021;
3022;
3023;
3024;
3025;
3026;
3027;com.totaljerkface.game.menus.LevelBrowser
3028;
3029;com.totaljerkface.game.menus.DropMenuItem
3030;
3031;
3032;
3033;
3034;
3035;com.totaljerkface.game.menus.DropMenu
3036;
3037;
3038;
3039;
3040;
3041;
3042;
3043;
3044;
3045;
3046;
3047;BladeWeaponMaskMC
3048;
3049;BladeMask12
3050;BladeMask11
3051;BladeMask10
3052;
3053;BladeMask9
3054;
3055;BladeMask8
3056;
3057;BladeMask7
3058;BladeMask6
3059;BladeMask5
3060;BladeMask4
3061;BladeMask3
3062;
3063;BladeMask2
3064;BladeMask1
3065;
3066;
3067;BladeWeaponShapesMC
3068;
3069;
3070;
3071;
3072;
3073;
3074;
3075;
3076;
3077;
3078;
3079;
3080;BladeWeaponMC
3081;com.totaljerkface.game.editor.specials.BladeWeaponRef
3082;
3083;
3084;
3085;
3086;BigArrow
3087;
3088;
3089;GreenSource4
3090;
3091;
3092;GreenSource3
3093;
3094;
3095;
3096;
3097;
3098;
3099;GreenSource2
3100;
3101;
3102;
3103;
3104;
3105;
3106;GreenSource1
3107;
3108;
3109;
3110;
3111;CitySource3
3112;
3113;
3114;
3115;
3116;
3117;
3118;
3119;
3120;
3121;
3122;
3123;
3124;
3125;
3126;
3127;
3128;
3129;
3130;
3131;
3132;
3133;
3134;
3135;
3136;
3137;
3138;
3139;
3140;
3141;
3142;CitySource2
3143;
3144;
3145;
3146;
3147;
3148;
3149;
3150;
3151;
3152;
3153;
3154;
3155;
3156;
3157;
3158;
3159;
3160;
3161;
3162;
3163;
3164;
3165;
3166;CitySource1